подсистема,оператор_описаниги,класс,экземпляров_в_файле,блок_СНХМ,тип,имя_в_файле,смысл_по_описаниге,вердикт,фактическое_соответствие
схема 1-17.2 ядро+инвестиции,11,глобальный,1,11,2,платежи населения,"входы-константы | ставки: 11 — НДС, 13 — налог на прибыль, 14 — налог на фонды, 12 и 28 — по контексту ставки/коэффициенты (в тексте явно не расшифрованы)",не совпадает,"ставки в файле: #14 НДС, #13 из выручки, #15 из прибыли, #16 на фонды, #12 подоходный, #19 из торговли, #18 от ФОТ"
схема 9-17.10 бюджет,11,глобальный,1,11,2,платежи населения,налог на добавленную стоимость,не совпадает,см. фактические номера ставок выше
схема 14 розн.рынок,11,глобальный,1,11,2,платежи населения,НДС,не совпадает,НДС = #14
схема 1-17.2 ядро+инвестиции,12,глобальный,1,12,2,подоходный налог,"входы-константы | ставки: 11 — НДС, 13 — налог на прибыль, 14 — налог на фонды, 12 и 28 — по контексту ставки/коэффициенты (в тексте явно не расшифрованы)",не совпадает,"ставки в файле: #14 НДС, #13 из выручки, #15 из прибыли, #16 на фонды, #12 подоходный, #19 из торговли, #18 от ФОТ"
схема 9-17.10 бюджет,12,глобальный,1,12,2,подоходный налог,налог из выручки,не совпадает,см. фактические номера ставок выше
схема 1-17.2 ядро+инвестиции,13,глобальный,1,13,2,налог из выручки предприятия,"входы-константы | ставки: 11 — НДС, 13 — налог на прибыль, 14 — налог на фонды, 12 и 28 — по контексту ставки/коэффициенты (в тексте явно не расшифрованы)",не совпадает,"ставки в файле: #14 НДС, #13 из выручки, #15 из прибыли, #16 на фонды, #12 подоходный, #19 из торговли, #18 от ФОТ"
схема 9-17.10 бюджет,13,глобальный,1,13,2,налог из выручки предприятия,налог из прибыли,не совпадает,см. фактические номера ставок выше
схема 1-17.2 ядро+инвестиции,14,глобальный,1,14,2,НДС,"входы-константы | ставки: 11 — НДС, 13 — налог на прибыль, 14 — налог на фонды, 12 и 28 — по контексту ставки/коэффициенты (в тексте явно не расшифрованы)",не совпадает,"ставки в файле: #14 НДС, #13 из выручки, #15 из прибыли, #16 на фонды, #12 подоходный, #19 из торговли, #18 от ФОТ"
схема 9-17.10 бюджет,14,глобальный,1,14,2,НДС,налог за основные фонды,не совпадает,см. фактические номера ставок выше
схема 9-17.10 бюджет,15,глобальный,1,15,2,налог из прибыли,подоходный налог с населения,не совпадает,см. фактические номера ставок выше
схема 15-17.17 соцгруппа,15,глобальный,1,15,2,налог из прибыли,подоходный налог (вычет),совпадает,
схема 9-17.10 бюджет,16,глобальный,1,16,2,налог на основн фонды,налог из розничной торговли,не совпадает,см. фактические номера ставок выше
схема 14 розн.рынок,16,глобальный,1,16,2,налог на основн фонды,ставка торговой надбавки,не совпадает,"торг. наценка = #k179/#k180 (k=4,5,11)"
схема 1-17.2 ядро+инвестиции,28,глобальный,1,28,2,коэф сбора налог,"входы-константы | ставки: 11 — НДС, 13 — налог на прибыль, 14 — налог на фонды, 12 и 28 — по контексту ставки/коэффициенты (в тексте явно не расшифрованы)",совпадает,
схема 9-17.10 бюджет,42,глобальный,1,42,4,все налоги и платежи,сумма доходов бюджета,совпадает,
схема 9-17.10 бюджет,43,глобальный,1,43,3,накопленный     дефицит бюджета,накопленный дефицит,совпадает,
схема 9-17.10 бюджет,44,глобальный,1,44,14,текущий дефицит бюджета,дефицит,совпадает,
схема 8 кредит,47,глобальный,1,47,2,ставка проц оборотнонго кредита,ставка кредита,совпадает,
схема 9-17.10 бюджет,48,глобальный,1,48,4,степень наличия бюджетн ресурсов,коэффициент секвестра расходов,совпадает,
схема 9-17.10 бюджет,50,глобальный,1,50,2,степень возможности роста расходов,профицит,не совпадает,профицит = #59 (поток) и #30/#20 (накопленный); #50 = степень возможности роста расходов
схема 9-17.10 бюджет,51,глобальный,1,51,4,основные статьи расхода бюджета,план (сумма) расходов бюджета,совпадает,
схема 9-17.10 бюджет,52,глобальный,1,52,11,формир эмиссии,делитель доходы/расходы (=1 при балансе),не совпадает,доходы/расходы = #89; #52 = формир эмиссии
схема 9-17.10 бюджет,53,глобальный,1,53,14,,сигнал дефицита (=1 при отсутствии дефицита),частично,
схема 9-17.10 бюджет,54,глобальный,1,54,4,доходы бюджета + эмиссия,сумма доходов + эмиссия,совпадает,
схема 9-17.10 бюджет,55,глобальный,1,55,5,всего накопленная эмиссия,количество эмитированных денег,совпадает,
схема 9-17.10 бюджет,56,глобальный,1,56,2,выдача рублевых лицензий,другие поступления,частично,
схема 11 внешн.долг,57,глобальный,1,57,2,выдача дол лицензий,другие инвалютные поступления (экзогенно),совпадает,
схема 9-17.10 бюджет,61,глобальный,1,61,13,заказ бюджета натурального количества сырья,сектор сырья (госзаказ),совпадает,
схема 9-17.10 бюджет,71,глобальный,1,71,9,возможность бюджета закупить запланированное сырье,сектор сырья (госзаказ),совпадает,
схема 9-17.10 бюджет,83,глобальный,1,83,13,заказ бюджета натурального количества проч продукц,прочие сектора,совпадает,
схема 9-17.10 бюджет,84,глобальный,1,84,13,оплата бюджета бюджетников,бюджетники,совпадает,
схема 9-17.10 бюджет,85,глобальный,1,85,11,оплата бюджета военных,военные,совпадает,
схема 9-17.10 бюджет,86,глобальный,1,86,13,оплата бюджета пенсионеров,пенсионеры,совпадает,
схема 9-17.10 бюджет,87,глобальный,1,87,11,оплата бюджета безработных,безработные,совпадает,
схема 6 предм.труда,88,глобальный,1,88,2,включение прекращения поставок сырья при неоплате прежних поставок,переключатели режима реакции поставщика на долг,совпадает,
схема 9-17.10 бюджет,93,глобальный,1,93,9,возможность бюджета закупить запланированное прочее,прочие сектора,совпадает,
схема 9-17.10 бюджет,94,глобальный,1,94,9,возможность бюджета оплачивать запланированных бюджетников,бюджетники,совпадает,
схема 9-17.10 бюджет,95,глобальный,1,95,9,возможность бюджета оплачив запланированных военных,военные,совпадает,
схема 9-17.10 бюджет,96,глобальный,1,96,9,возможность бюджета оплачив запланированных пенсионеров,пенсионеры,совпадает,
схема 9-17.10 бюджет,97,глобальный,1,97,9,возможность бюджета оплачивать запланированных безработных,безработные,совпадает,
схема 1-17.2 ядро+инвестиции,99,глобальный,1,99,2,включение возврата долга за поставленное сырье из прибыли,K / сигнал | включение-отключение режима «выплаты — невыплаты» долгов,совпадает,
схема 11 внешн.долг,100,глобальный,1,100,5,накопления минфина дол от внешнеэконом тарифов,инвалютные накопления Минфина (интегратор),совпадает,
схема 9-17.10 бюджет,101,глобальный,1,101,2,расходы бюджета на сырье,сектор сырья (госзаказ),совпадает,
схема 9-17.10 бюджет,113,глобальный,1,113,2,расходы бюджета на  прочую продукцию,прочие сектора,совпадает,
схема 9-17.10 бюджет,114,глобальный,1,114,2,оплата бюджетников,бюджетники,совпадает,
схема 9-17.10 бюджет,115,глобальный,1,115,2,оплата военных,военные,совпадает,
схема 9-17.10 бюджет,116,глобальный,1,116,2,расходы на опл пенсионеров,пенсионеры,совпадает,
схема 9-17.10 бюджет,117,глобальный,1,117,2,расходы на безработных,безработные,совпадает,
схема 11 внешн.долг,118,глобальный,1,118,2,другие валютные расходы минфина,другие инвалютные расходы (экзогенно),совпадает,
схема 11 внешн.долг,121,глобальный,1,121,1,накопления минфина дол от внешнеэконом тарифов,таможенные сборы,совпадает,
схема 9-17.10 бюджет,122,глобальный,1,122,2,темп продажи накопл минфином дол на рубл,"продажа инвалюты Минфином в бюджет, темп продажи",совпадает,
схема 9-17.10 бюджет,123,глобальный,1,123,14,степень наличия дол у минфина,"продажа инвалюты Минфином в бюджет, темп продажи",совпадает,
схема 9-17.10 бюджет,124,глобальный,1,124,9,величина уплаты внешнего долга в рублях,выплата внешнего долга (в бюджетные расходы),совпадает,
схема 11 внешн.долг,125,глобальный,1,125,15,выплата внешн долга за счет покупки дол на бирже как расхлд бюджета,ключ покупки инвалюты за бюджетные рубли,совпадает,
схема 11 внешн.долг,126,глобальный,1,126,15,интенсивность выплат внешн долга за счет средств минфина,ключ выплаты из инвалютных накоплений,совпадает,
схема 11 внешн.долг,127,глобальный,1,127,2,график выплат внешнего долга в дол,график (интенсивность) выплаты внешнего долга,совпадает,
схема 11 внешн.долг,128,глобальный,1,128,14,,сигнал значительного внешнего долга (=1),совпадает,
схема 11 внешн.долг,129,глобальный,1,129,2,проценты по внешнему долгу,процентная ставка обслуживания долга,совпадает,
схема 11 внешн.долг,130,глобальный,1,130,5,сумма внешнего долга в дол,внешний долг в инвалюте (интегратор),совпадает,
схема 6 предм.труда,189,глобальный,1,189,2,выключение прекращения поставок сырья при неоплате прежних поставок,переключатели режима реакции поставщика на долг,совпадает,
схема 9-17.10 бюджет,190,глобальный,1,190,14,,сигнал о необходимости эмиссии (интегратор),частично,
схема 9-17.10 бюджет,191,глобальный,1,191,2,включ эмиссии,ключ включения эмиссии,совпадает,
схема 8 кредит,199,глобальный,1,199,2,включение необходимости получения оборотного кредита,политика сектора по получению кредита,совпадает,
схема 21-17.22 безраб.+потенциал,231,глобальный,1,231,4,общее количество безработных в сфере производства,общее количество безработных (звено 1/(Tp+1)),совпадает,
схема 21-17.22 безраб.+потенциал,232,глобальный,1,232,11,отношение величины потребности в труде к колич трудоспособных в сф производства,общая для сферы производства степень безработицы,частично,
схема 21-17.22 безраб.+потенциал,233,глобальный,1,233,1,общее колич трудоспособных в сфере производства,сумматоры по секторам,совпадает,
схема 21-17.22 безраб.+потенциал,234,глобальный,1,234,1,общая потребность в труде в сфере производства,сумматоры по секторам,совпадает,
схема 1-17.2 ядро+инвестиции,235,глобальный,1,235,2,доля безраб труд рес котор могут перейти в другие сектора,вход | доля безработных из других секторов,совпадает,
схема 21-17.22 безраб.+потенциал,235,глобальный,1,235,2,доля безраб труд рес котор могут перейти в другие сектора,"экзогенная доля безработных, желающих работать в данном секторе",совпадает,
схема 9-17.10 бюджет,254,глобальный,1,254,14,сумма ЗП в сфере производства,эмиссия от развития сферы производства (механизм не рассматривается),частично,
схема 15-17.17 соцгруппа,297,глобальный,1,297,2,натур спрос на пищ из сф потр,спрос на отечественную пищевую продукцию,совпадает,
схема 9-17.10 бюджет,301,глобальный,1,301,1,для управления статьей расходов бюджета во времени,сектор сырья (госзаказ),совпадает,
схема 9-17.10 бюджет,313,глобальный,1,313,2,для управления статьей расходов бюджета во времени,прочие сектора,совпадает,
схема 9-17.10 бюджет,314,глобальный,1,314,2,для управления статьей расходов бюджета во времени,бюджетники,совпадает,
схема 9-17.10 бюджет,315,глобальный,1,315,2,для управления статьей расходов бюджета во времени,военные,совпадает,
схема 9-17.10 бюджет,316,глобальный,1,316,2,для управления статьей расходов бюджета во времени,пенсионеры,совпадает,
схема 9-17.10 бюджет,317,глобальный,1,317,2,для управления статьей расходов бюджета на культуру во времени,культура,совпадает,
схема 9-17.10 бюджет,318,глобальный,1,318,2,,безработные,частично,
схема 7 ВЭД,321,глобальный,1,321,2,тариф на экспорт сырья,ставка экспортного тарифа,совпадает,
схема 9-17.10 бюджет,346,глобальный,1,346,2,для управления статьей расходов бюджета намедицину во времени,медицина,совпадает,
схема 9-17.10 бюджет,347,глобальный,1,347,2,для управления статьей расходов бюджета на науку во времени,образование,совпадает,
схема 9-17.10 бюджет,348,глобальный,1,348,2,для управления статьей расходов бюджета на образование во времени,наука,совпадает,
схема 1-17.2 ядро+инвестиции,350,глобальный,1,350,4,кач жизни в демографию,% | ставка прироста банковских депозитов сектора,не совпадает,ставка депозита = #230
схема 1-17.2 ядро+инвестиции,361,глобальный,1,361,1,сумма платежей в статью расходов бюджета= план расходов  +  доля профицита,вход | бюджет (покупка продукции сектора бюджетом),совпадает,
схема 9-17.10 бюджет,361,глобальный,1,361,1,сумма платежей в статью расходов бюджета= план расходов  +  доля профицита,сектор сырья (госзаказ),совпадает,
схема 9-17.10 бюджет,373,глобальный,1,373,1,сумма платежей в статью расходов бюджета= план расходов  +  доля профицита,прочие сектора,совпадает,
схема 9-17.10 бюджет,374,глобальный,1,374,1,сумма платежей в статью расходов бюджета= план расходов  +  доля профицита,бюджетники,совпадает,
схема 9-17.10 бюджет,375,глобальный,1,375,1,сумма платежей в статью расходов бюджета= план расходов  +  доля профицита,военные,совпадает,
схема 9-17.10 бюджет,376,глобальный,1,376,1,сумма платежей в статью расходов бюджета= план расходов  +  доля профицита,пенсионеры,совпадает,
схема 9-17.10 бюджет,377,глобальный,1,377,1,сумма платежей в статью расходов бюджета= план расходов  +  доля профицита,безработные,совпадает,
схема 6 предм.труда,401,глобальный,1,401,2,цена импортного сырья,цена импорта в инвалюте,совпадает,
схема 7 ВЭД,421,глобальный,1,421,2,цена импортных Фа,импортная цена Фа,совпадает,
схема 6 предм.труда,441,глобальный,1,441,2,норматив импортного тарифа на сырье секторам,тариф/пошлина на импорт,совпадает,
схема 1-17.2 ядро+инвестиции,442,глобальный,1,442,2,норматив импортного тарифа на сырье секторам,вход | долг банку,не совпадает,долг банку = #k442 (описанига опустила цифру сектора)
схема 6 предм.труда,461,глобальный,1,461,1,коэф увеличения импортной цены на сырье секторам,тариф/пошлина на импорт,совпадает,
схема 12-17.13 биржа,480,глобальный,0,,,,учёт неединичной степени несоответствия спроса-предложения валют,отсутствует,#500/#480/#543 в файле отсутствуют; курс = #501
схема 6 предм.труда,490,глобальный,1,490,11,доля дохода бюджета на статью расходов,вход схемы валютной биржи,не совпадает,вход схемы биржи = #1205/#420; #490 = доля дохода бюджета на статью
схема 6 предм.труда,500,глобальный,0,,,,курс рубля к инвалюте,отсутствует,курс = #501
схема 12 биржа,500,глобальный,0,,,,валютный курс (интегратор),отсутствует,курс = #501
схема 12-17.13 биржа,500,глобальный,0,,,,биржевой курс рубля к инвалюте (интегратор + нелинейность),отсутствует,#500/#480/#543 в файле отсутствуют; курс = #501
схема 12 биржа,501,глобальный,1,501,5,курс рубля к дол на валютной бирже,"курс, установленный ЦБ",не совпадает,курс ЦБ = #540
схема 12-17.13 биржа,501,глобальный,1,501,5,курс рубля к дол на валютной бирже,"курс рубля к инвалюте, заданный Центробанком",не совпадает,курс ЦБ = #540
схема 12 биржа,502,глобальный,1,502,2,формирование покупки - продажи дол населением,спрос минус предложение инвалюты (первая производная курса),частично,
схема 12-17.13 биржа,502,глобальный,1,502,2,формирование покупки - продажи дол населением,сумматор: (спрос на инвалюту 516) − (предложение/спрос на рубли 506),частично,
схема 12 биржа,503,глобальный,1,503,14,дол интервенция,режим «траектория»,частично,
схема 11 внешн.долг,506,глобальный,1,506,4,дол предложение всех,пополнение бюджета рублями от продажи инвалюты,не совпадает,пополнение бюджета рублями = #587; #506 = дол предложение всех
схема 12-17.13 биржа,506,глобальный,1,506,4,дол предложение всех,"общий спрос на рубли (предложение инвалюты): экспортёры, население, Минфин",частично,
схема 12 биржа,508,глобальный,1,508,12,дол интервенция ЦБ,режим «траектория»,частично,
схема 12 биржа,509,глобальный,1,509,2,степень интенсивности интервенций,интенсивность интервенции (экзогенно),совпадает,
схема 12-17.13 биржа,509,глобальный,1,509,2,степень интенсивности интервенций,интенсивность интервенций ЦБ,совпадает,
схема 18-17.20 валюта насел.,510,глобальный,1,510,2,,степень заинтересованности/желания купить инвалюту,совпадает,
схема 18-17.20 валюта насел.,511,глобальный,1,511,2,,степень заинтересованности/желания продать инвалюту,совпадает,
схема 12 биржа,513,глобальный,1,513,14,темп интервенции ЦБ на бирже,режим «траектория»,частично,
схема 11 внешн.долг,516,глобальный,1,516,4,рублевая интервенция всех в дол выражении,заявка на биржу,частично,
схема 12-17.13 биржа,516,глобальный,1,516,4,рублевая интервенция всех в дол выражении,общий спрос на инвалюту (импорт + ЦБ + сектора + население),частично,
схема 12 биржа,519,глобальный,1,519,2,колич дол на начало интервенции ЦБанка,валютные накопления ЦБ,частично,
схема 12-17.13 биржа,519,глобальный,1,519,2,колич дол на начало интервенции ЦБанка,исходные накопления в ЦБ,совпадает,
схема 11 внешн.долг,520,глобальный,1,520,7,продано дол на бирже,степень удовлетворения обмена,частично,
схема 12-17.13 биржа,520,глобальный,1,520,7,продано дол на бирже,"min(спрос, предложение)",совпадает,
схема 11 внешн.долг,521,глобальный,1,521,14,предлож рублей от всех,степень удовлетворения обмена,частично,
схема 12 биржа,523,глобальный,1,523,3,+/- резервы ЦБ,валютные накопления ЦБ,совпадает,
схема 11 внешн.долг,527,глобальный,1,527,11,степень удовлетв в дол на бирже,степень удовлетворения обмена,частично,
схема 6 предм.труда,527,глобальный,1,527,11,степень удовлетв в дол на бирже,степень удовлетворения сектора в валюте (=1 при достаточности),частично,
схема 12-17.13 биржа,527,глобальный,1,527,11,степень удовлетв в дол на бирже,степень удовлетворения спроса на инвалюту / на рубли,совпадает,
схема 12-17.13 биржа,528,глобальный,1,528,11,степ удовлетв в рублях на бирже,степень удовлетворения спроса на инвалюту / на рубли,совпадает,
схема 12-17.13 биржа,529,глобальный,1,529,2,ширина коридора валютн курса,ширина валютного коридора,совпадает,
схема 7 ВЭД,530,глобальный,1,530,2,доля продаж дол на бирже,доля продаж экспортной выручки,частично,
схема 18-17.20 валюта насел.,533,глобальный,1,533,1,,регистрация роста курса,совпадает,
схема 12 биржа,538,глобальный,1,538,12,руб интервенц ЦБ,режим «траектория»,частично,
схема 18-17.20 валюта насел.,541,глобальный,1,541,14,уменьш отнош руб/дол,регистрация падения курса,совпадает,
схема 12-17.13 биржа,543,глобальный,0,,,,учёт неединичной степени несоответствия спроса-предложения валют,отсутствует,#500/#480/#543 в файле отсутствуют; курс = #501
схема 18-17.20 валюта насел.,545,глобальный,1,545,17,темп инфляции,инфляционные изменения (первая производная розничных цен),совпадает,
схема 18-17.20 валюта насел.,546,глобальный,1,546,13,темп инфляции,инфляционные изменения (первая производная розничных цен),совпадает,
схема 18-17.20 валюта насел.,547,глобальный,1,547,14,увеличен  отношения  руб/дол,регистрация роста курса,совпадает,
схема 18-17.20 валюта насел.,548,глобальный,1,548,14,заинтересованность в покупке дол населения,объединение влияющих факторов,совпадает,
схема 18-17.20 валюта насел.,549,глобальный,1,549,14,заинтересованность населения в сбросе дол на рубли,объединение влияющих факторов,совпадает,
схема 12-17.13 биржа,550,глобальный,1,550,11,спрос на дол для импорта Фа,покупка инвалюты на бирже за часть инвестиционного потока,совпадает,
схема 18-17.20 валюта насел.,551,глобальный,1,551,11,,регистрация падения курса,совпадает,
схема 18-17.20 валюта насел.,553,глобальный,1,553,11,,регистрация роста курса,совпадает,
схема 12-17.13 биржа,554,глобальный,1,554,9,покупка дол импортерами,учёт неединичной степени несоответствия спроса-предложения валют,частично,
схема 12-17.13 биржа,556,глобальный,1,556,9,продано дол населению,учёт неединичной степени несоответствия спроса-предложения валют,частично,
схема 12-17.13 биржа,557,глобальный,1,557,14,сумма предложений рублей импортерами для покупки дол,суммарный рублёвый спрос на импортные товары,совпадает,
схема 12-17.13 биржа,558,глобальный,1,558,11,спрос на дол импортеров,спрос на импорт в инвалютном выражении (= рублёвый спрос / курс),совпадает,
схема 18-17.20 валюта насел.,561,глобальный,1,561,2,регулятор влияния темпа инфляц на поекпку дол,«веса» влияния инфляционных изменений,совпадает,
схема 18-17.20 валюта насел.,562,глобальный,1,562,2,регулятор влияния темпа инфляц на поекпку дол,«веса» влияния инфляционных изменений,совпадает,
схема 11 внешн.долг,563,глобальный,1,563,9,реально получено дол на бирже,покупка инвалюты за счёт продажи профицита,совпадает,
схема 12-17.13 биржа,563,глобальный,1,563,9,реально получено дол на бирже,учёт неединичной степени несоответствия спроса-предложения валют,частично,
схема 11 внешн.долг,564,глобальный,1,564,9,реально получ дол на бирже,поток обмена бюджетных рублей,совпадает,
схема 12-17.13 биржа,564,глобальный,1,564,9,реально получ дол на бирже,учёт неединичной степени несоответствия спроса-предложения валют,частично,
схема 12 биржа,569,глобальный,1,569,14,,режим «коридор»,совпадает,
схема 12 биржа,570,глобальный,1,570,11,коридор,режим «коридор»,совпадает,
схема 12-17.13 биржа,587,глобальный,1,587,9,купленные минфином  на дол рубли для доходов бюджета,учёт неединичной степени несоответствия спроса-предложения валют,частично,
схема 12 биржа,589,глобальный,1,589,14,коридор,режим «коридор»,совпадает,
схема 12 биржа,590,глобальный,1,590,11,коридор,режим «коридор»,совпадает,
схема 18-17.20 валюта насел.,601,глобальный,1,601,1,накоплено рублей в соц группе,вход величины рублёвых накоплений,совпадает,
схема 18-17.20 валюта насел.,602,глобальный,1,602,14,ограничение в доли обмена руб на дол,количество рублей для обмена в инвалютном измерении,частично,
схема 18-17.20 валюта насел.,603,глобальный,1,603,9,заинтересованность в покупке дол,предложение обмена рублей на инвалюту,частично,
схема 18-17.20 валюта насел.,604,глобальный,1,604,11,перевод обмениваемых рубл в дол величину и учет доли желательного обмена,умножитель на степень желания покупки,совпадает,
схема 18-17.20 валюта насел.,605,глобальный,1,605,5,накоплено дол в соц группе,поток приобретённой инвалюты,частично,
схема 18-17.20 валюта насел.,606,глобальный,1,606,11,поток купленных дол,накопленная населением инвалюта (интегратор),частично,
схема 18-17.20 валюта насел.,607,глобальный,1,607,7,поток проданных дол,наличие инвалюты на руках,частично,
схема 18-17.20 валюта насел.,608,глобальный,1,608,11,желательный поток продажи дол,min,частично,
схема 18-17.20 валюта насел.,609,глобальный,1,609,11,поток проданных дол,всего предлагается для продажи инвалюты (по группе),частично,
схема 18-17.20 валюта насел.,610,глобальный,1,610,14,рост продажи дол при уменьшении колич накопленных рублей,индикатор достаточности рублёвых накоплений (=1 пока их много),частично,
схема 18-17.20 валюта насел.,611,глобальный,1,611,1,накоплено рублей в соц группе,экзогенная доля рублёвых накоплений для обмена,не совпадает,"агрегаты по всему населению = #807 (продажа), #808 (покупка), #809 (накоплено), #814 (куплено); #611-613 = 2-й экземпляр шаблона"
схема 18-17.20 валюта насел.,612,глобальный,1,612,14,ограничение в доли обмена руб на дол,"количество рублей (в инвалютном измерении) всего населения, предлагаемых для обмена",не совпадает,"агрегаты по всему населению = #807 (продажа), #808 (покупка), #809 (накоплено), #814 (куплено); #611-613 = 2-й экземпляр шаблона"
схема 18-17.20 валюта насел.,613,глобальный,1,613,9,заинтересованность в покупке дол,сумма всех предложений (поток проданной инвалюты),не совпадает,"агрегаты по всему населению = #807 (продажа), #808 (покупка), #809 (накоплено), #814 (куплено); #611-613 = 2-й экземпляр шаблона"
схема 7 ВЭД,781,глобальный,1,781,13,количество закупленного импортного Фа,натуральное количество Фа за счёт инвестиционной прибыли,совпадает,
схема 15-17.17 соцгруппа,801,шаблон соцгруппы (off 01),2,11801,1,,поток дохода одного члена социальной группы,не совпадает,доход = #k802
схема 15-17.17 соцгруппа,802,шаблон соцгруппы (off 02),22,1802,2,доход,обязательные платежи (доля других платежей),не совпадает,другие платежи = #k806/#k807
схема 15-17.17 соцгруппа,803,шаблон соцгруппы (off 03),22,1803,9,сумма подоходн налога из соц группы,ставка подоходного налога,частично,
схема 15-17.17 соцгруппа,804,шаблон соцгруппы (off 04),22,1804,9,масса подоходного налога,умножитель вычетов,частично,
схема 15-17.17 соцгруппа,805,шаблон соцгруппы (off 05),22,1805,4,чистый доход,поток чистого дохода / накопления (рублёвые накопления),совпадает,
схема 15-17.17 соцгруппа,806,шаблон соцгруппы (off 06),22,1806,9,другие платежи,поток накопления,не совпадает,накопления = #k815/#k816
схема 15-17.17 соцгруппа,807,шаблон соцгруппы (off 07),22,1807,9,другие платежи,оплата благ за счёт накоплений,не совпадает,#807 — глобальный «сумма желаний продать дол»; оплата благ из накоплений = #k814
схема 15-17.17 соцгруппа,808,шаблон соцгруппы (off 08),22,1808,9,спрос соц группы на услуги,поток денег для текущей жизни,не совпадает,деньги на текущую жизнь = #k818 «финансовые возможности»
схема 18-17.20 валюта насел.,809,глобальный,1,809,2,суммарное накопление дол населением,всего инвалюты на руках у населения (на схема 19),совпадает,
схема 15-17.17 соцгруппа,809,шаблон соцгруппы (off 09),22,1809,9,спрос на ТНП в социальной группе,длительность использования накоплений (продолжительность расходования накоплений),не совпадает,#809 — глобальный «суммарное накопление дол»; спрос на ТНП = #k809
схема 15-17.17 соцгруппа,810,шаблон соцгруппы (off 10),22,1810,9,спрос на стоящ жилье в соц группе,умножитель (доля на ПП + жильё) × 808,не совпадает,расходы на ПП+жильё = #k821
схема 15-17.17 соцгруппа,811,шаблон соцгруппы (off 11),22,1811,2,количество человек в соц группе,финансовые возможности на остальные (не приоритетные) блага,не совпадает,фин. возможности = #k818; #k811 = количество человек
схема 15-17.17 соцгруппа,812,шаблон соцгруппы (off 12),22,1812,9,формир фин возмож,расходы на ПП и жильё / расходы на жильё,не совпадает,#k812 = формир фин возмож
схема 15-17.17 соцгруппа,813,шаблон соцгруппы (off 13),1,11813,1,,цена продуктов питания Ц_пп,не совпадает,цена ПП = #k824 (масштаб) и #4190
схема 15-17.17 соцгруппа,814,шаблон соцгруппы (off 14),22,1814,10,формир финан возм,цена продуктов питания Ц_пп,не совпадает,#k814 = формир финан возм
схема 15-17.17 соцгруппа,815,шаблон соцгруппы (off 15),22,1815,5,денежные накопления,"доля финансовых возможностей, расходуемая на продукты питания",не совпадает,#k815 = денежные накопления (уровень); доля на ПП = #k828
схема 15-17.17 соцгруппа,816,шаблон соцгруппы (off 16),22,1816,11,формир денежн накоплений,расходы на ПП,совпадает,
схема 15-17.17 соцгруппа,817,шаблон соцгруппы (off 17),22,1817,11,формир соц напряженности,доля на ПП + жильё,совпадает,
схема 14 розн.рынок,820,глобальный,1,820,11,колич импортн Фа за ИНВАЛЮТН НАКОПЛЕНИЯ,общий спрос всех соцгрупп на продукты питания (сумматор),не совпадает,общий спрос на ПП = #201
схема 15-17.17 соцгруппа,820,шаблон соцгруппы (off 20),22,1820,1,расходы на ТНП Услуги и Досуг,сумматор общего спроса на ПП,не совпадает,общий спрос на ПП = #201; #k820 = расходы на ТНП+Усл+Досуг
схема 5 фонды,821,глобальный,1,821,1,всего импортн Фа количество,импорт оборудования (суммарное количество импортных Фа),совпадает,
схема 15-17.17 соцгруппа,822,шаблон соцгруппы (off 22),22,1822,12,расходы на ПП,спрос на приобретаемое жильё,не совпадает,#k822 = расходы на ПП; спрос на жильё = #k810/#k841
схема 15-17.17 соцгруппа,823,шаблон соцгруппы (off 23),22,1823,14,расходы на жилье,спрос на приобретаемое жильё,частично,
схема 15-17.17 соцгруппа,824,шаблон соцгруппы (off 24),22,1824,2,масштабир цены ПП в соц гр,финансовые расходы на покупку жилья (цена покупаемого жилья),не совпадает,цена покупаемого жилья = #k842
схема 15-17.17 соцгруппа,825,шаблон соцгруппы (off 25),22,1825,12,формир доли на ПП,расходы на арендуемое жильё,совпадает,
схема 15-17.17 соцгруппа,826,шаблон соцгруппы (off 26),22,1826,11,спрос соц группы на ПП,поток покупаемого жилья,не совпадает,поток покупаемого жилья = #k839/#k841
схема 15-17.17 соцгруппа,827,шаблон соцгруппы (off 27),22,1827,12,формир доли на ПП,цена аренды,совпадает,
схема 15-17.17 соцгруппа,828,шаблон соцгруппы (off 28),22,1828,4,формир доли на ПП,количество арендуемого жилья,совпадает,
схема 15-17.17 соцгруппа,830,шаблон соцгруппы (off 30),22,1830,11,спрос на ПП,количество покупаемого жилья,совпадает,
схема 15-17.17 соцгруппа,831,шаблон соцгруппы (off 31),22,1831,14,формир доли на ПП и Жил,удельное жильё на одного члена социальной группы («наличие жилья»),частично,
схема 15-17.17 соцгруппа,832,шаблон соцгруппы (off 32),22,1832,14,формир доли на Жил,уплачиваемый налог за жильё и ставка налога,совпадает,
схема 15-17.17 соцгруппа,833,шаблон соцгруппы (off 33),22,1833,1,формир доли на Жил,уплачиваемый налог за жильё и ставка налога,совпадает,
схема 15-17.17 соцгруппа,834,шаблон соцгруппы (off 34),22,1834,23,формир доли на Жил,степень неудовлетворения в жилье / доля на жильё,совпадает,
схема 15-17.17 соцгруппа,835,шаблон соцгруппы (off 35),22,1835,11,доля на жилье,принятая норма жилья,не совпадает,норма жилья = #k893
схема 15-17.17 соцгруппа,836,шаблон соцгруппы (off 36),22,1836,12,доля на Жил,сумматор: 811 − 832,частично,
схема 15-17.17 соцгруппа,837,шаблон соцгруппы (off 37),22,1837,14,всего расходов на ТНП и др,приобретение ТНП,частично,
схема 15-17.17 соцгруппа,838,шаблон соцгруппы (off 38),22,1838,1,уровень жизни,потребность в ТНП,не совпадает,#k838 = уровень жизни; потребность в ТНП = #k864
схема 15-17.17 соцгруппа,840,шаблон соцгруппы (off 40),22,1840,2,коэф перевода года в мес,услуги (удовлетворённый спрос на услуги),не совпадает,спрос на услуги = #k874
схема 15-17.17 соцгруппа,843,шаблон соцгруппы (off 43),22,1843,12,доля на покупку жилья,накоплено ТНП (интегратор),не совпадает,накоплено ТНП = #k861
схема 15-17.17 соцгруппа,845,шаблон соцгруппы (off 45),22,1845,14,расходы на наем жилья,потребность в досуге,не совпадает,#k845 = расходы на наём жилья; потребность в досуге = #k866/#k887
схема 15-17.17 соцгруппа,846,шаблон соцгруппы (off 46),22,1846,12,формиров доли расходов на покупку жилья,оплачиваемый досуг,не совпадает,оплачиваемый досуг = #k850
схема 15-17.17 соцгруппа,847,шаблон соцгруппы (off 47),22,1847,12,формир доли расходов на покупку жилья,время досуга (min) / спрос на досуг,не совпадает,спрос на досуг = #k850/#k887
схема 15-17.17 соцгруппа,848,шаблон соцгруппы (off 48),22,1848,4,формир доли расх на жилье,цена услуг Ц_усл,не совпадает,цена услуг = #5
схема 15-17.17 соцгруппа,849,шаблон соцгруппы (off 49),22,1849,4,формир доли расх на жилье,цена досуга Ц_досуга,не совпадает,цена досуга = #4 и #k871
схема 15-17.17 соцгруппа,850,шаблон соцгруппы (off 50),22,1850,9,спрос на досуг в соц группы,индекс уровня жизни = 1 − K₈₅₁·(сигнал 815),не совпадает,#k850 = спрос на досуг; индекс уровня жизни = #k838
схема 9-17.10 бюджет,851,глобальный,1,851,13,заказ бюджета натурального количества проч продукц,культура,совпадает,
схема 15-17.17 соцгруппа,851,шаблон соцгруппы (off 51),22,1851,5,куплено всего жилья,коэффициент преобразования доли 815,не совпадает,#851 — глобальный (культура); #k851 = куплено всего жилья
схема 15-17.17 соцгруппа,852,шаблон соцгруппы (off 52),22,1852,12,всего нанято жилья,свёртка факторов качества жизни,не совпадает,#k852 = всего нанято жилья
схема 9-17.10 бюджет,853,глобальный,1,853,1,сумма платежей в статью расходов бюджета= план расходов  +  доля профицита,культура,совпадает,
схема 15-17.17 соцгруппа,853,шаблон соцгруппы (off 53),22,1853,2,цена найма жилья,вес степени неудовлетворения в жилье,не совпадает,#k853 = цена найма жилья
схема 9-17.10 бюджет,854,глобальный,1,854,9,возможность бюджета оплатить культуру,культура,совпадает,
схема 15-17.17 соцгруппа,854,шаблон соцгруппы (off 54),22,1854,12,коэф амортизац купленного жилья,качество жизни,частично,
схема 9-17.10 бюджет,855,глобальный,1,855,2,расходы бюджета на  культуру,культура,совпадает,
схема 15-17.17 соцгруппа,855,шаблон соцгруппы (off 55),22,1855,4,всего имеется жилья,вес продолжительности расходования накоплений (от 809),не совпадает,#k855 = всего имеется жилья
схема 15-17.17 соцгруппа,856,шаблон соцгруппы (off 56),22,1856,9,поток уплаты налога за купленное жилье,промежуточная свёртка,не совпадает,#k856 = налог за купленное жильё
схема 15-17.17 соцгруппа,857,шаблон соцгруппы (off 57),22,1857,11,отношение нормы жилья к имеещемуся,сумматор: 1 + свёртка индексов безработицы (1005),не совпадает,1 + свёртка безработицы = #k886 (=1+2·[k005])
схема 15-17.17 соцгруппа,858,шаблон соцгруппы (off 58),22,1858,12,качество жизни,социальная напряжённость,не совпадает,соц. напряжённость = #k817/#k885; #k858 = качество жизни (книжный 854)
схема 9-17.10 бюджет,861,глобальный,1,861,13,заказ бюджета натурального количества проч продукц,медицина,совпадает,
схема 9-17.10 бюджет,863,глобальный,1,863,1,сумма платежей в статью расходов бюджета= план расходов  +  доля профицита,медицина,совпадает,
схема 9-17.10 бюджет,864,глобальный,1,864,9,возможность бюджета оплатить медицину,медицина,совпадает,
схема 9-17.10 бюджет,865,глобальный,1,865,2,расходы бюджета на  медицину,медицина,совпадает,
схема 21-17.22 безраб.+потенциал,871,глобальный,1,871,13,заказ бюджета натурального количества проч продукц,"блок научного потенциала (бюджет, профицит, количество человек)",не совпадает,в файле это наука (верно) — но в бюдж. таблице конспекта перепутано
схема 9-17.10 бюджет,871,глобальный,1,871,13,заказ бюджета натурального количества проч продукц,образование,не совпадает,"в файле 87x = НАУКА (871->873->878->879->880), не образование"
схема 21-17.22 безраб.+потенциал,873,глобальный,1,873,1,сумма платежей в статью расходов бюджета= план расходов  +  доля профицита,"блок научного потенциала (бюджет, профицит, количество человек)",не совпадает,в файле это наука (верно) — но в бюдж. таблице конспекта перепутано
схема 9-17.10 бюджет,873,глобальный,1,873,1,сумма платежей в статью расходов бюджета= план расходов  +  доля профицита,образование,не совпадает,"в файле 87x = НАУКА (871->873->878->879->880), не образование"
схема 21-17.22 безраб.+потенциал,874,глобальный,1,874,9,возможность бюджета оплатить науку,"блок научного потенциала (бюджет, профицит, количество человек)",не совпадает,в файле это наука (верно) — но в бюдж. таблице конспекта перепутано
схема 9-17.10 бюджет,874,глобальный,1,874,9,возможность бюджета оплатить науку,образование,не совпадает,"в файле 87x = НАУКА (871->873->878->879->880), не образование"
схема 9-17.10 бюджет,875,глобальный,1,875,2,расходы бюджета на  науку,образование,не совпадает,"в файле 87x = НАУКА (871->873->878->879->880), не образование"
схема 21-17.22 безраб.+потенциал,880,глобальный,1,880,5,научный потенциал,"блок научного потенциала (бюджет, профицит, количество человек)",совпадает,
схема 5 фонды,880,глобальный,1,880,5,научный потенциал,научный потенциал страны (см. схема 24),совпадает,
схема 21-17.22 безраб.+потенциал,881,глобальный,1,881,13,заказ бюджета натурального количества проч продукц,блок образовательного потенциала,совпадает,
схема 9-17.10 бюджет,881,глобальный,1,881,13,заказ бюджета натурального количества проч продукц,наука,не совпадает,в файле 88x = ОБРАЗОВАНИЕ (881->883->888->889->890)
схема 21-17.22 безраб.+потенциал,883,глобальный,1,883,1,сумма платежей в статью расходов бюджета= план расходов  +  доля профицита,блок образовательного потенциала,совпадает,
схема 9-17.10 бюджет,883,глобальный,1,883,1,сумма платежей в статью расходов бюджета= план расходов  +  доля профицита,наука,не совпадает,в файле 88x = ОБРАЗОВАНИЕ (881->883->888->889->890)
схема 21-17.22 безраб.+потенциал,884,глобальный,1,884,9,возможность бюджета оплатить образование,блок образовательного потенциала,совпадает,
схема 9-17.10 бюджет,884,глобальный,1,884,9,возможность бюджета оплатить образование,наука,не совпадает,в файле 88x = ОБРАЗОВАНИЕ (881->883->888->889->890)
схема 9-17.10 бюджет,885,глобальный,1,885,2,расходы бюджета на  образование,наука,не совпадает,в файле 88x = ОБРАЗОВАНИЕ (881->883->888->889->890)
схема 21-17.22 безраб.+потенциал,890,глобальный,1,890,5,образовательный потенциал,блок образовательного потенциала,совпадает,
схема 9-17.10 бюджет,901,глобальный,1,901,2,степень важности испольэования профицита для данной статьи  финансирования расх,степени важности расходов при распределении профицита,совпадает,
схема 9-17.10 бюджет,926,глобальный,1,926,11,поток финансироаания из профицита данной статьи расходов бюджета,распределение профицита по статьям (944 — внешний долг),совпадает,
схема 21-17.22 безраб.+потенциал,940,глобальный,1,940,11,поток финансироаания из профицита данной статьи расходов бюджета,"блок научного потенциала (бюджет, профицит, количество человек)",совпадает,
схема 21-17.22 безраб.+потенциал,942,глобальный,1,942,11,поток финансироаания из профицита данной статьи расходов бюджета,блок образовательного потенциала,совпадает,
схема 9-17.10 бюджет,943,глобальный,1,943,2,степень важности испольэования профицита для данной статьи  финансирования расх,степени важности расходов при распределении профицита,совпадает,
схема 9-17.10 бюджет,944,глобальный,1,944,11,поток финансироаания из профицита внешнего долга,распределение профицита по статьям (944 — внешний долг),совпадает,
схема 21-17.22 безраб.+потенциал,1000,шаблон сектора (off 000),1,1000,12,научно-интеллектуальный индекс общества,свёртка → интеллектуальный потенциал,совпадает,
схема 1-17.2 ядро+инвестиции,1001,шаблон сектора (off 001),13,1001,14,реальн произв продукции,"1/(Тр+1) | предложение (произведённая продукция), инерционность сферы производства",частично,"в файле 1002=потенц., 1001=реальн. произв.; апериодич. звена в ядре нет"
схема 1 техн.ядро,1001,шаблон сектора (off 001),13,1001,14,реальн произв продукции,поток выпускаемой (произведённой) продукции,совпадает,
схема 1-17.2 ядро+инвестиции,1002,шаблон сектора (off 002),13,1002,4,потенц произв продукции,нелинейность | запрет отрицательных значений выпуска продукции,частично,"в файле 1002=потенц., 1001=реальн. произв.; апериодич. звена в ядре нет"
схема 1 техн.ядро,1002,шаблон сектора (off 002),13,1002,4,потенц произв продукции,апериодическое звено `1/(Tp+1)` — инерционность производства,частично,
схема 1-17.2 ядро+инвестиции,1003,шаблон сектора (off 003),13,1003,7,jгранич в произв продукции,вход (0…1) | индекс достаточности предметов труда,совпадает,
схема 1 техн.ядро,1003,шаблон сектора (off 003),13,1003,7,jгранич в произв продукции,min — ограничение производства по наличию предметов труда,совпадает,
схема 1-17.2 ядро+инвестиции,1004,шаблон сектора (off 004),13,1004,14,производство продукции,⊗ | спрос (произведение 1003 × 1116),не совпадает,спрос = #k1076 (=1003x1116) и #k1116/#k1119; #k1004 = производство продукции
схема 1 техн.ядро,1004,шаблон сектора (off 004),13,1004,14,производство продукции,умножитель в технологической цепочке,частично,
схема 21-17.22 безраб.+потенциал,1005,шаблон сектора (off 005),13,1005,12,степень безработицы в секторе,свёртка степеней безработицы в секторе и в целом по стране,совпадает,
схема 1-17.2 ядро+инвестиции,1007,шаблон сектора (off 007),13,1007,7,всего реализовано продукции,"min | реализация = min(произведённая продукция 1001, спрос 1004)",совпадает,
схема 1 техн.ядро,1007,шаблон сектора (off 007),13,1007,7,всего реализовано продукции,"min(спрос, выпуск) — фактическая реализация",частично,
схема 1-17.2 ядро+инвестиции,1008,шаблон сектора (off 008),13,1008,4,материальные затраты,вход/сигнал | материальные затраты (МЗ),совпадает,
схема 1 техн.ядро,1008,шаблон сектора (off 008),13,1008,4,материальные затраты,суммарные материальные затраты сектора,совпадает,
схема 1-17.2 ядро+инвестиции,1009,шаблон сектора (off 009),13,1009,10,требуется труда с учетом сменности и потребн в продукции,⊗ | требуется труда = рабочие места (1093) × коэффициент сменности (1025),совпадает,
схема 21-17.22 безраб.+потенциал,1009,шаблон сектора (off 009),13,1009,10,требуется труда с учетом сменности и потребн в продукции,требуется труда в секторе,совпадает,
схема 1-17.2 ядро+инвестиции,1011,шаблон сектора (off 011),13,1011,10,0.10нциальное производство продукции,⊗ | выпуск = занятый труд (1029) × производительность оборудования (1080),совпадает,
схема 21-17.22 безраб.+потенциал,1011,шаблон сектора (off 011),13,1011,10,0.10нциальное производство продукции,выход оператора-минимума,частично,
схема 1 техн.ядро,1011,шаблон сектора (off 011),13,1011,10,0.10нциальное производство продукции,спрос на продукцию сектора,не совпадает,спрос = #k1076; #k1011 = потенц. производство (труд x производительность)
схема 1-17.2 ядро+инвестиции,1012,шаблон сектора (off 012),13,1012,2,подано труда,K | подано труда,совпадает,
схема 21-17.22 безраб.+потенциал,1012,шаблон сектора (off 012),13,1012,2,подано труда,потенциальные трудовые ресурсы сектора (из модели демографии),частично,
схема 1-17.2 ядро+инвестиции,1015,шаблон сектора (off 015),13,1015,11,количество прибыли для импортного оборудования,распределитель | деньги на импорт оборудования,совпадает,
схема 7 ВЭД,1015,шаблон сектора (off 015),13,1015,11,количество прибыли для импортного оборудования,инвестиционные ресурсы (схема 2),совпадает,
схема 12-17.13 биржа,1015,шаблон сектора (off 015),13,1015,11,количество прибыли для импортного оборудования,"часть инвестиционного потока, выделенная на импорт оборудования",совпадает,
схема 1-17.2 ядро+инвестиции,1016,шаблон сектора (off 016),13,1016,2,общее предложение труда в секторе производства,"K | количество трудовых ресурсов, которые могут использоваться",совпадает,
схема 21-17.22 безраб.+потенциал,1016,шаблон сектора (off 016),13,1016,2,общее предложение труда в секторе производства,"подано труда (трудовой ресурс + безработные, желающие работать в секторе)",частично,
схема 1-17.2 ядро+инвестиции,1020,шаблон сектора (off 020),13,1020,2,ставка зарплаты,K | индекс ставки средней месячной заработной платы,совпадает,
схема 1-17.2 ядро+инвестиции,1025,шаблон сектора (off 025),13,1025,5,К сменности,"1/p + огранич. | коэффициент сменности; ограничения снизу (>0) и сверху (≤2,5)",совпадает,
схема 1-17.2 ядро+инвестиции,1026,шаблон сектора (off 026),13,1026,13,доход на одного,распределитель | ФОТ на одного занятого,совпадает,
схема 1-17.2 ядро+инвестиции,1029,шаблон сектора (off 029),13,1029,7,используется труда,"min | занято труда = min(1016, 1009)",совпадает,
схема 21-17.22 безраб.+потенциал,1029,шаблон сектора (off 029),13,1029,7,используется труда,"min(требуется труда, подано труда)",совпадает,
схема 21-17.22 безраб.+потенциал,1030,шаблон сектора (off 030),13,1030,14,безработица,количество безработных в данном секторе (степень безработицы),совпадает,
схема 1-17.2 ядро+инвестиции,1031,шаблон сектора (off 031),13,1031,10,индексация зарплаты,⊗ | годовая заработная плата (× пс = 12),совпадает,
схема 1-17.2 ядро+инвестиции,1032,шаблон сектора (off 032),13,1032,9,поток зарплаты,⊗ | заработная плата (ЗП) сектора,совпадает,
схема 1-17.2 ядро+инвестиции,1033,шаблон сектора (off 033),13,1033,1,общие затраты,Σ | сумма ЗП + Ам (1051) + МЗ (1008),совпадает,
схема 1-17.2 ядро+инвестиции,1034,шаблон сектора (off 034),13,1034,1,все затраты,"Σ | все затраты, входящие в себестоимость",совпадает,
схема 1-17.2 ядро+инвестиции,1035,шаблон сектора (off 035),13,1035,13,\ебестоимость,деление | себестоимость = 1034 / выпуск,совпадает,
схема 1-17.2 ядро+инвестиции,1036,шаблон сектора (off 036),13,1036,9,формирование монопольной цены,⊗ (2 шт.) | доли монопольной и рыночной цены,совпадает,
схема 1-17.2 ядро+инвестиции,1037,шаблон сектора (off 037),13,1037,4,цена без НДС,Σ | цена без НДС,совпадает,
схема 1-17.2 ядро+инвестиции,1038,шаблон сектора (off 038),13,1038,9,формирование рыночной цены (с учетом ее доли в общей цене),— | формирование рыночной цены (упом. в тексте ,совпадает,
схема 1-17.2 ядро+инвестиции,1039,шаблон сектора (off 039),13,1039,4,цена с НДС,⊗ | цена с учётом НДС («влияние НДС на цену»),совпадает,
схема 9-17.10 бюджет,1039,шаблон сектора (off 039),13,1039,4,цена с НДС,сектор сырья (госзаказ),совпадает,
схема 6 предм.труда,1039,шаблон сектора (off 039),13,1039,4,цена с НДС,цена реализации сырья,совпадает,
схема 1-17.2 ядро+инвестиции,1041,шаблон сектора (off 041),13,1041,4,сумма выручек внутренней и экспортной,Σ | выручка (5 источников),частично,
схема 1-17.2 ядро+инвестиции,1042,шаблон сектора (off 042),13,1042,2,сумма выручек внутренней и экспортной,нелинейн. | добавленная стоимость = выручка (1041) − МЗ (1008),не совпадает,добавленная стоимость = #k1043; #k1042 = сумма выручек
схема 8 кредит,1042,шаблон сектора (off 042),13,1042,2,сумма выручек внутренней и экспортной,прибыль,частично,
схема 8 кредит,1043,шаблон сектора (off 043),13,1043,14,добавленная стоимость,прибыль,частично,
схема 1-17.2 ядро+инвестиции,1044,шаблон сектора (off 044),13,1044,14,балансовая прибыль,нелинейн. | балансовая прибыль,совпадает,
схема 8 кредит,1044,шаблон сектора (off 044),13,1044,14,балансовая прибыль,прибыль,частично,
схема 1-17.2 ядро+инвестиции,1045,шаблон сектора (off 045),13,1045,1,чистая прибыль,Σ | вычитание налога на прибыль,совпадает,
схема 1-17.2 ядро+инвестиции,1046,шаблон сектора (off 046),13,1046,2,стоимость вводимых основных фондов,Σ | поток стоимости вновь приобретённых фондов (Фа + Фп + импорт),совпадает,
схема 1-17.2 ядро+инвестиции,1047,шаблон сектора (off 047),13,1047,9,поток НДС,⊗ | НДС (ставка — вход 11),совпадает,
схема 1-17.2 ядро+инвестиции,1048,шаблон сектора (off 048),13,1048,9,поток налога с выручки,"⊗ | платёж/налог, входящий в «другие затраты»",совпадает,
схема 1-17.2 ядро+инвестиции,1049,шаблон сектора (off 049),13,1049,9,поток налога на прибыль,⊗ | налог на прибыль (ставка — вход 13),совпадает,
схема 1-17.2 ядро+инвестиции,1050,шаблон сектора (off 050),13,1050,9,поток налога на фонды,⊗ | налог на фонды (ставка — вход 14),совпадает,
схема 1-17.2 ядро+инвестиции,1051,шаблон сектора (off 051),13,1051,9,амортизация в себестоимости,"⊗ | амортизационные отчисления, входящие в себестоимость",совпадает,
схема 1-17.2 ядро+инвестиции,1052,шаблон сектора (off 052),13,1052,12,доля прибыли в потребление,распределитель | деление чистой прибыли на потребляемую и инвестируемую,совпадает,
схема 1-17.2 ядро+инвестиции,1053,шаблон сектора (off 053),13,1053,4,ФОТ,Σ | ФОТ = ЗП + потребляемая прибыль,совпадает,
схема 1-17.2 ядро+инвестиции,1054,шаблон сектора (off 054),13,1054,9,налог на ФОТ,⊗ | начисление (вход 28),совпадает,
схема 1-17.2 ядро+инвестиции,1055,шаблон сектора (off 055),13,1055,1,сумма налогов,Σ | другие затраты (1050 + 1048),совпадает,
схема 1-17.2 ядро+инвестиции,1056,шаблон сектора (off 056),13,1056,4,инвестируемая прибыль,Σ | инвестируемая прибыль = чистая прибыль − потребляемая,совпадает,
схема 1-17.2 ядро+инвестиции,1057,шаблон сектора (off 057),13,1057,12,норма прибыли,деление | отношение чистой прибыли ко всем моделируемым расходам,совпадает,
схема 8 кредит,1058,шаблон сектора (off 058),13,1058,4,степень финансовых возможностей,желательная норма прибыли,частично,
схема 1-17.2 ядро+инвестиции,1059,шаблон сектора (off 059),13,1059,14,индекс финансовых возможностей,нелинейн. | индикатор достаточности фин. возможностей (1 → 0),совпадает,
схема 6 предм.труда,1059,шаблон сектора (off 059),13,1059,14,индекс финансовых возможностей,недостаток оборотных средств (сигнал 0÷1),совпадает,
схема 1-17.2 ядро+инвестиции,1060,шаблон сектора (off 060),13,1060,14,степень недостаточности финансов,нелинейн. | индикатор недостаточности фин. возможностей (0 → 1),совпадает,
схема 6 предм.труда,1060,шаблон сектора (off 060),13,1060,14,степень недостаточности финансов,недостаток оборотных средств (сигнал 0÷1),совпадает,
схема 1-17.2 ядро+инвестиции,1061,шаблон сектора (off 061),13,1061,14,норма выплаты амортизации,нелинейн. | порог инвестиционного потока для амортизации,совпадает,
схема 1-17.2 ядро+инвестиции,1062,шаблон сектора (off 062),13,1062,9,реальный поток амортизации,⊗ | амортизация = поток × коэффициент (1064),совпадает,
схема 1-17.2 ядро+инвестиции,1063,шаблон сектора (off 063),13,1063,5,стоимость производственных фондов,1/p | номинальная стоимость производственных фондов = ∫(1046 − 1073),совпадает,
схема 8 кредит,1063,шаблон сектора (off 063),13,1063,5,стоимость производственных фондов,стоимость установленных фондов,совпадает,
схема 1-17.2 ядро+инвестиции,1064,шаблон сектора (off 064),13,1064,2,коэффициент амортизации,K | коэффициент амортизации,совпадает,
схема 5 фонды,1064,шаблон сектора (off 064),13,1064,2,коэффициент амортизации,коэффициент амортизации,совпадает,
схема 1-17.2 ядро+инвестиции,1065,шаблон сектора (off 065),13,1065,2,всего инвестиций,Σ | инвестиционные ресурсы = инвестируемая чистая прибыль + амортизация,совпадает,
схема 1-17.2 ядро+инвестиции,1066,шаблон сектора (off 066),13,1066,2,доля строит в инвестициях,K | степень важности: строительство,совпадает,
схема 1-17.2 ядро+инвестиции,1067,шаблон сектора (off 067),13,1067,11,расходы прибыли в строит,распределитель | натуральный спрос на строительство,совпадает,
схема 1-17.2 ядро+инвестиции,1068,шаблон сектора (off 068),13,1068,2,доля машиностроен в инвестиц,K | степень важности: отечественное оборудование,совпадает,
схема 1-17.2 ядро+инвестиции,1069,шаблон сектора (off 069),13,1069,11,расходы прибыли в машин,распределитель | натуральный спрос на оборудование,совпадает,
схема 1-17.2 ядро+инвестиции,1070,шаблон сектора (off 070),13,1070,2,доля НИОКР в инвестиц,K | степень важности (одно из 5 направлений),совпадает,
схема 1-17.2 ядро+инвестиции,1071,шаблон сектора (off 071),13,1071,2,доля депозита в инвестиц,K | степень важности (одно из 5 направлений),совпадает,
схема 1-17.2 ядро+инвестиции,1072,шаблон сектора (off 072),13,1072,1,сумма долей распределения прибыли,нелинейн. сумматор | нормировка степеней важности,совпадает,
схема 1-17.2 ядро+инвестиции,1073,шаблон сектора (off 073),13,1073,7,реальные амортизационные выплаты,min | реальные амортизационные отчисления (≤ инвестируемых ресурсов),совпадает,
схема 1-17.2 ядро+инвестиции,1074,шаблон сектора (off 074),13,1074,14,формирование доли прибыли в потребление,нелинейн. + K | автоматическое уменьшение потребляемой прибыли,совпадает,
схема 1-17.2 ядро+инвестиции,1075,шаблон сектора (off 075),13,1075,2,доля прибыли для импорта Фа,K | степень важности (одно из 5 направлений),совпадает,
схема 7 ВЭД,1075,шаблон сектора (off 075),13,1075,2,доля прибыли для импорта Фа,инвестиционные ресурсы (схема 2),совпадает,
схема 1-17.2 ядро+инвестиции,1078,шаблон сектора (off 078),13,1078,9,стоимость вводимых  Фа,"⊗ | формирование активных фондов Фа (входы 2039, 2121)",совпадает,
схема 1-17.2 ядро+инвестиции,1079,шаблон сектора (off 079),13,1079,9,стоимость вводимых  Фп,"⊗ | формирование пассивных фондов Фп (входы 3039, 3121)",совпадает,
схема 1-17.2 ядро+инвестиции,1080,шаблон сектора (off 080),13,1080,5,производительность труда,вход | производительность оборудования (активных фондов),частично,
схема 5 фонды,1080,шаблон сектора (off 080),13,1080,5,производительность труда,индекс производительности оборудования (интегратор),частично,
схема 1-17.2 ядро+инвестиции,1081,шаблон сектора (off 081),13,1081,11,расходы прибыли в НИОКР,распределитель | деньги на увеличение производительности оборудования,совпадает,
схема 5 фонды,1081,шаблон сектора (off 081),13,1081,11,расходы прибыли в НИОКР,влияние отраслевого финансирования на рост производительности,совпадает,
схема 1-17.2 ядро+инвестиции,1082,шаблон сектора (off 082),13,1082,11,расходы прибыли в депозиты,распределитель | деньги в накопление,совпадает,
схема 1-17.2 ядро+инвестиции,1083,шаблон сектора (off 083),13,1083,3,накопленный депозит,"1/p | деньги, накопленные в секторе (банковский депозит)",совпадает,
схема 1-17.2 ядро+инвестиции,1084,шаблон сектора (off 084),13,1084,14,степень возможностей депозита,нелинейн. + K | обвязка начисления процентов,совпадает,
схема 1-17.2 ядро+инвестиции,1086,шаблон сектора (off 086),13,1086,9,поток инвестиций из депозита,⊗ | использование накоплений на погашение долга,совпадает,
схема 8 кредит,1086,шаблон сектора (off 086),13,1086,9,поток инвестиций из депозита,финансовые накопления сектора,не совпадает,накопления сектора = #k1083; #k1086 = поток из депозита
схема 1-17.2 ядро+инвестиции,1087,шаблон сектора (off 087),0,,,,K | порог суммарного долга для использования накоплений,отсутствует,порог долга = #k1363 / #k299
схема 5 фонды,1088,шаблон сектора (off 088),13,1088,2,формир потока амортизац Фа,сумматор поставок оборудования,совпадает,
схема 5 фонды,1089,шаблон сектора (off 089),13,1089,5,количество Фа,активные фонды (количество производственного оборудования),совпадает,
схема 5 фонды,1090,шаблон сектора (off 090),13,1090,9,реальная амортизация Фа,учёт интенсивности использования фондов,частично,
схема 5 фонды,1091,шаблон сектора (off 091),13,1091,9,поток амортизации Фп,пассивные фонды (промышленные здания),совпадает,
схема 5 фонды,1092,шаблон сектора (off 092),13,1092,5,количество Фп,пассивные фонды (промышленные здания),совпадает,
схема 1-17.2 ядро+инвестиции,1093,шаблон сектора (off 093),13,1093,12,количество рабочих мест,вход | количество рабочих мест в одну смену,совпадает,
схема 5 фонды,1093,шаблон сектора (off 093),13,1093,12,количество рабочих мест,свёртка активных и пассивных фондов → количество рабочих мест в одну смену,совпадает,
схема 8 кредит,1095,шаблон сектора (off 095),13,1095,4,формиров возврата кредитов,"погашение кредита из прибыли, интенсивность",совпадает,
схема 1-17.2 ядро+инвестиции,1096,шаблон сектора (off 096),13,1096,7,формиров возврата кредитов,min | выплата долга банку,совпадает,
схема 1-17.2 ядро+инвестиции,1097,шаблон сектора (off 097),13,1097,2,темп возврата кредитов,K | выплата долга банку,совпадает,
схема 8 кредит,1097,шаблон сектора (off 097),13,1097,2,темп возврата кредитов,"погашение кредита из прибыли, интенсивность",совпадает,
схема 8 кредит,1099,шаблон сектора (off 099),11,3099,2,,вкл/выкл погашения долгов поставщикам,частично,
схема 5 фонды,1100,шаблон сектора (off 100),13,1100,10,сумма инвестиционных средств для изменения производительности фондов,реализация 1-й гипотезы роста производительности,совпадает,
схема 5 фонды,1108,шаблон сектора (off 108),13,1108,14,,реализация 2-й гипотезы,совпадает,
схема 1-17.2 ядро+инвестиции,1109,шаблон сектора (off 109),9,1109,12,отношение к спросу на продукцию,деление | влияние спроса (спрос/предложение) на цену,частично,
схема 1-17.2 ядро+инвестиции,1112,шаблон сектора (off 112),13,1112,2,норматив прибыли монополиста,K | коэффициент (норма рентабельности),совпадает,
схема 1-17.2 ядро+инвестиции,1113,шаблон сектора (off 113),13,1113,2,степень монополизма,"K | степень монополизма, экзогенно, 0…1",совпадает,
схема 1-17.2 ядро+инвестиции,1114,шаблон сектора (off 114),13,1114,10,монопольная цена с ее долей,⊗ | доля рыночной цены,совпадает,
схема 1-17.2 ядро+инвестиции,1116,шаблон сектора (off 116),13,1116,4,сумма спросов,⊗ / сумма спросов | внешний спрос на продукцию сектора,совпадает,
схема 1 техн.ядро,1116,шаблон сектора (off 116),13,1116,4,сумма спросов,суммарный спрос / коэффициент,совпадает,
схема 1-17.2 ядро+инвестиции,1119,шаблон сектора (off 119),13,1119,4,сумма спросов,— | подсчёт суммы спросов (совместно с 1116),совпадает,
схема 1 техн.ядро,1119,шаблон сектора (off 119),13,1119,4,сумма спросов,суммарный спрос / коэффициент,совпадает,
схема 1-17.2 ядро+инвестиции,1121,шаблон сектора (off 121),13,1121,11,доля продукции потребителю из сыр в сыр,распределители | распределение продукции по потребителям,совпадает,
схема 7 ВЭД,1134,шаблон сектора (off 134),10,1134,11,доля продукции сырья на экспорт,продано экспорта,совпадает,
схема 1-17.2 ядро+инвестиции,1136,шаблон сектора (off 136),10,1136,11,доля сырья в торговлю,распределители | распределение продукции по потребителям,совпадает,
схема 1-17.2 ядро+инвестиции,1137,шаблон сектора (off 137),13,1137,9,поток возврата долгов проставщикам,⊗ | выплата долга поставщикам,совпадает,
схема 8 кредит,1137,шаблон сектора (off 137),13,1137,9,поток возврата долгов проставщикам,погашение долга банку,не совпадает,погашение банку = #k1095/#k1096/#k1097; 1137/1139 = долги поставщикам
схема 1-17.2 ядро+инвестиции,1138,шаблон сектора (off 138),13,1138,2,коэф уменьшения возврата долгов поставщикам сырья,K | выплата долга поставщикам,совпадает,
схема 1-17.2 ядро+инвестиции,1139,шаблон сектора (off 139),13,1139,7,требуемый поток возврата долгов поставщикам сырья,min | выплата долга поставщикам,совпадает,
схема 8 кредит,1139,шаблон сектора (off 139),13,1139,7,требуемый поток возврата долгов поставщикам сырья,погашение долга банку,не совпадает,погашение банку = #k1095/#k1096/#k1097; 1137/1139 = долги поставщикам
схема 7 ВЭД,1154,шаблон сектора (off 154),11,1154,4,спрос на сырье на экспорт,заявка на экспорт,совпадает,
схема 1-17.2 ядро+инвестиции,1157,шаблон сектора (off 157),10,1157,1,возврат долгов от потребителей исходн сырья,входы | возврат долгов покупателями / оплата банковскими кредитами,совпадает,
схема 1-17.2 ядро+инвестиции,1158,шаблон сектора (off 158),10,1158,1,возврат долгов через заем в банке оборотнго кредита потребителями исходн сырья,входы | возврат долгов покупателями / оплата банковскими кредитами,совпадает,
схема 7 ВЭД,1160,шаблон сектора (off 160),13,1160,2,индекс экспортной цены в дол,цена в инвалюте,совпадает,
схема 7 ВЭД,1161,шаблон сектора (off 161),13,1161,7,заявка на экспорт в секторе сырья,"min(квота, план)",совпадает,
схема 7 ВЭД,1162,шаблон сектора (off 162),13,1162,15,ограничение экспортаот низкой цены экспорта,ключ разрешения экспорта,совпадает,
схема 7 ВЭД,1163,шаблон сектора (off 163),13,1163,2,квота экспорта на сырье,"квота экспорта (доля выпуска, ≤1)",совпадает,
схема 7 ВЭД,1164,шаблон сектора (off 164),13,1164,11,доля экспорта сырья,сравнение выручек (экспорт vs внутренний рынок),частично,
схема 1-17.2 ядро+инвестиции,1167,шаблон сектора (off 167),13,1167,10,экспортная выручка в рублевом выражении,вход | экспорт,совпадает,
схема 7 ВЭД,1167,шаблон сектора (off 167),13,1167,10,экспортная выручка в рублевом выражении,рублёвая выручка от экспорта,совпадает,
схема 7 ВЭД,1169,шаблон сектора (off 169),13,1169,9,экспортная выручка в долл,экспортная выручка,совпадает,
схема 7 ВЭД,1170,шаблон сектора (off 170),13,1170,10,предлож долл от экспортной выручки на бирже,доля продаж экспортной выручки на бирже,совпадает,
схема 7 ВЭД,1171,шаблон сектора (off 171),13,1171,2,план экспорта,"план экспорта (доля выпуска, ≤1)",совпадает,
схема 7 ВЭД,1174,шаблон сектора (off 174),13,1174,5,дол накопления в секторе,накопленная сектором инвалюта (интегратор),совпадает,
схема 7 ВЭД,1175,шаблон сектора (off 175),13,1175,9,дол из чистой прибыли на закупку Фа,закупка Фа за счёт инвестиционного финансирования,совпадает,
схема 7 ВЭД,1176,шаблон сектора (off 176),13,1176,1,экспортн выр после уплаты таможенных сборов,экспортная выручка,частично,
схема 7 ВЭД,1198,шаблон сектора (off 198),13,1198,2,степень интенс расхода накопления инвалюты для импорта Фа,интенсивность и ключ использования валютных накоплений,совпадает,
схема 7 ВЭД,1199,шаблон сектора (off 199),11,1199,15,вкл инвал накоплений для импорта Фа,интенсивность и ключ использования валютных накоплений,совпадает,
схема 12-17.13 биржа,1199,шаблон сектора (off 199),11,1199,15,вкл инвал накоплений для импорта Фа,инвалютные накопления секторов,совпадает,
схема 1-17.2 ядро+инвестиции,1200,шаблон сектора (off 200),10,1200,1,суммарные рубли за куплен импортн Фа,вход | импорт (фондов),совпадает,
схема 7 ВЭД,1200,шаблон сектора (off 200),10,1200,1,суммарные рубли за куплен импортн Фа,стоимость импорта Фа,совпадает,
схема 6 предм.труда,1201,шаблон сектора (off 201),13,1201,2,К импорта в сектор,норма потребления импортируемого предмета труда,совпадает,
схема 6 предм.труда,1202,шаблон сектора (off 202),13,1202,9,спрос сектора на валюту для импорта сырья,требуемая инвалюта на импорт,совпадает,
схема 6 предм.труда,1203,шаблон сектора (off 203),13,1203,14,степень наличия исходн импортного сырья для производства,достаточность накопления импорта (0÷1),совпадает,
схема 6 предм.труда,1204,шаблон сектора (off 204),13,1204,5,накоплено импортного сырья в секторе,накопление импорта (интегратор),совпадает,
схема 6 предм.труда,1205,шаблон сектора (off 205),13,1205,9,заявка на дол для сырья с учетом фин возможностей,"обмен рублей на инвалюту, min, полученная инвалюта",совпадает,
схема 6 предм.труда,1206,шаблон сектора (off 206),13,1206,7,реадьно полученные дол для импорта сырья,"обмен рублей на инвалюту, min, полученная инвалюта",совпадает,
схема 6 предм.труда,1207,шаблон сектора (off 207),13,1207,9,степень удовлетворения в дол для закупки сырья,"обмен рублей на инвалюту, min, полученная инвалюта",совпадает,
схема 6 предм.труда,1208,шаблон сектора (off 208),13,1208,9,поток тарифа в бюджет за импорт сырья,пошлина в казну Минфина,совпадает,
схема 6 предм.труда,1209,шаблон сектора (off 209),13,1209,13,поток закупленного импортного сырья,натуральный поток импорта,совпадает,
схема 6 предм.труда,1210,шаблон сектора (off 210),13,1210,9,поток расхода импортного сырья,расход импорта,совпадает,
схема 6 предм.труда,1211,шаблон сектора (off 211),13,1211,2,К сырья в сектор,норма количества сырья на единицу продукции,совпадает,
схема 6 предм.труда,1212,шаблон сектора (off 212),13,1212,11,спрос сектора на исходный продукт,спрос на сырьё,совпадает,
схема 6 предм.труда,1213,шаблон сектора (off 213),13,1213,14,степень наличия исходн продуктов для производства,учёт изменяемости нормы запаса сырья,совпадает,
схема 6 предм.труда,1214,шаблон сектора (off 214),13,1214,11,степень наличия исходных продуктов,учёт изменяемости нормы запаса сырья,совпадает,
схема 1-17.2 ядро+инвестиции,1215,шаблон сектора (off 215),13,1215,5,сумма долга поставщику исх прод,входы | накопленные долги от каждого поставщика предметов труда,совпадает,
схема 6 предм.труда,1215,шаблон сектора (off 215),13,1215,5,сумма долга поставщику исх прод,долг поставщику сырья (интегратор),совпадает,
схема 1-17.2 ядро+инвестиции,1216,шаблон сектора (off 216),13,1216,1,реалбные текущие мат затраты на оплату конкретн исх прод,входы | продажа секторам (от сектора 1 до сектора 13),частично,
схема 6 предм.труда,1216,шаблон сектора (off 216),13,1216,1,реалбные текущие мат затраты на оплату конкретн исх прод,материальные затраты на сырьё / неоплата,совпадает,
схема 6 предм.труда,1217,шаблон сектора (off 217),13,1217,9,требуемые текущие мат затраты по конкретн поставке,материальные затраты на сырьё / неоплата,совпадает,
схема 6 предм.труда,1218,шаблон сектора (off 218),13,1218,9,степень недостаточности финансовых средств,материальные затраты на сырьё / неоплата,совпадает,
схема 6 предм.труда,1219,шаблон сектора (off 219),13,1219,5,склад исходной продукции,склад накопления сырья,совпадает,
схема 6 предм.труда,1220,шаблон сектора (off 220),13,1220,10,поток расходов исходного продукта,поток используемого сырья,совпадает,
схема 1-17.2 ядро+инвестиции,1225,шаблон сектора (off 225),13,1225,5,сумма долга поставщику исх прод,входы | накопленные долги от каждого поставщика предметов труда,совпадает,
схема 1-17.2 ядро+инвестиции,1235,шаблон сектора (off 235),13,1235,5,сумма долга поставщику исх прод,входы | накопленные долги от каждого поставщика предметов труда,совпадает,
схема 6 предм.труда,1240,шаблон сектора (off 240),13,1240,9,поток расходов исходного продукта,поставляемый газовый поток / необходимый газовый поток,частично,
схема 1-17.2 ядро+инвестиции,1245,шаблон сектора (off 245),13,1245,5,сумма долга поставщику исх прод,входы | накопленные долги от каждого поставщика предметов труда,совпадает,
схема 1-17.2 ядро+инвестиции,1255,шаблон сектора (off 255),13,1255,5,сумма долга поставщику исх прод,входы | накопленные долги от каждого поставщика предметов труда,совпадает,
схема 1-17.2 ядро+инвестиции,1265,шаблон сектора (off 265),13,1265,5,сумма долга поставщику исх прод,входы | накопленные долги от каждого поставщика предметов труда,совпадает,
схема 1-17.2 ядро+инвестиции,1275,шаблон сектора (off 275),13,1275,5,сумма долга поставщику исх прод,входы | накопленные долги от каждого поставщика предметов труда,совпадает,
схема 1-17.2 ядро+инвестиции,1285,шаблон сектора (off 285),13,1285,2,,входы | накопленные долги от каждого поставщика предметов труда,совпадает,
схема 6 предм.труда,1292,шаблон сектора (off 292),13,1292,1,,поток приобретаемого сырья,совпадает,
схема 6 предм.труда,1294,шаблон сектора (off 294),13,1294,1,,поставляемый газовый поток / необходимый газовый поток,совпадает,
схема 8 кредит,1299,шаблон сектора (off 299),9,1299,2,максим уровень долга поставщику сырья при котором берут кредит,1-й уровень «терпения» поставщиков,совпадает,
схема 6 предм.труда,1302,шаблон сектора (off 302),13,1302,11,формир отключ поставок сырья при длительной их неоплате,относительная величина долга = долг / стоимость поставок,совпадает,
схема 6 предм.труда,1303,шаблон сектора (off 303),13,1303,15,формир отключ поставок сырья при длительной их неоплате,ключ размыкания при превышении нормы,частично,
схема 1-17.2 ядро+инвестиции,1362,шаблон сектора (off 362),13,1362,14,подключение депозитов для погашения долгов поставщикам сырья,нелинейн. | подключение накоплений к погашению долга,совпадает,
схема 1-17.2 ядро+инвестиции,1363,шаблон сектора (off 363),13,1363,2,предельная величина максим долга при котором прекращаются инвестиц расходы,K | максимально допустимая величина долга одному поставщику,совпадает,
схема 1-17.2 ядро+инвестиции,1364,шаблон сектора (off 364),13,1364,8,выбор максимального долга за сырье,max | максимум из накопленных долгов поставщикам,совпадает,
схема 1-17.2 ядро+инвестиции,1365,шаблон сектора (off 365),13,1365,15,выключение инвестиций при необходимости платить долги поставщикам сырья,ключ | замкнут при малом долге (нормальное распределение инвестиций),совпадает,
схема 1-17.2 ядро+инвестиции,1366,шаблон сектора (off 366),13,1366,15,выключ инвестиций в оплату долгов поставщикам сырья,ключ | замкнут при большом долге (инвестиции → на погашение),совпадает,
схема 1-17.2 ядро+инвестиции,1367,шаблон сектора (off 367),13,1367,1,поток денег из депозита и инвестиций для погашения долга поставщикам сырья,Σ | поток погашения долга,совпадает,
схема 8 кредит,1367,шаблон сектора (off 367),13,1367,1,поток денег из депозита и инвестиций для погашения долга поставщикам сырья,другие ресурсы для погашения долгов,совпадает,
схема 6 предм.труда,1400,шаблон сектора (off 400),7,1400,2,предельная величина неоплаты поставок сырья при которой еще сохраняется поставка,норма невозврата долга (2-й уровень «терпения»),совпадает,
схема 8 кредит,1401,шаблон сектора (off 401),13,1401,11,возврат долга за поставку сырья из прибыли,выплаты долгов из прибыли,совпадает,
схема 8 кредит,1407,шаблон сектора (off 407),13,1407,11,возврат долга за поставку сырья из прибыли,выплаты долгов из прибыли,совпадает,
схема 1-17.2 ядро+инвестиции,1410,шаблон сектора (off 410),13,1410,14,сумма всех долгов за поставку сырья,вход | суммарный долг поставщикам,совпадает,
схема 8 кредит,1410,шаблон сектора (off 410),13,1410,14,сумма всех долгов за поставку сырья,сумма всех долгов,совпадает,
схема 8 кредит,1411,шаблон сектора (off 411),13,1411,11,возврат долга за поставку сырья из прибыли,выплаты долгов из кредита,совпадает,
схема 8 кредит,1417,шаблон сектора (off 417),13,1417,11,возврат долга за поставку сырья из прибыли,выплаты долгов из кредита,совпадает,
схема 8 кредит,1420,шаблон сектора (off 420),13,1420,14,сумма всех долгов за поставку сырья,суммарная величина необходимого кредита,частично,
схема 8 кредит,1421,шаблон сектора (off 421),13,1421,14,потребность в оборотном кредите,сигналы о необходимом кредите,совпадает,
схема 8 кредит,1427,шаблон сектора (off 427),13,1427,14,потребность в оборотном кредите,сигналы о необходимом кредите,совпадает,
схема 8 кредит,1441,шаблон сектора (off 441),13,1441,7,поток кредита из банка,кредитный поток / накопление кредита,совпадает,
схема 8 кредит,1442,шаблон сектора (off 442),13,1442,5,текущий кредитный долг банку,кредитный поток / накопление кредита,совпадает,
схема 8 кредит,1443,шаблон сектора (off 443),13,1443,9,поток процентов за выданный оборотный кредит,начисление процентов на кредит,совпадает,
схема 8 кредит,1444,шаблон сектора (off 444),13,1444,14,сигнал о возможности кредитования банком оборотных средств,разрешение продолжения кредитования (>0),совпадает,
схема 8 кредит,1448,шаблон сектора (off 448),13,1448,9,формиросание сигнала о возможности кредитования,"условия выдачи кредита (ликвидность, норма прибыли vs ставка)",совпадает,
схема 8 кредит,1449,шаблон сектора (off 449),13,1449,2,коэф ликвидности основных фондов для возможности банковского кредитования,"условия выдачи кредита (ликвидность, норма прибыли vs ставка)",совпадает,
схема 8 кредит,1450,шаблон сектора (off 450),13,1450,2,учет превышения нормы приб над ставкой кредита для эффективности кредитования,"условия выдачи кредита (ликвидность, норма прибыли vs ставка)",совпадает,
схема 8 кредит,1451,шаблон сектора (off 451),13,1451,11,превышение нормы прибыли ставки кредита,"условия выдачи кредита (ликвидность, норма прибыли vs ставка)",совпадает,
схема 8 кредит,1452,шаблон сектора (off 452),13,1452,9,потребность в оборотном кредите,ключ «вкл необходимости получения кредита»,совпадает,
схема 12-17.13 биржа,2015,шаблон сектора (off 015),13,1015,11,количество прибыли для импортного оборудования,"часть инвестиционного потока, выделенная на импорт оборудования",совпадает,
схема 1-17.2 ядро+инвестиции,2039,шаблон сектора (off 039),13,1039,4,цена с НДС,входы | параметры сектора 2 (машиностроение) — цена/объём оборудования,совпадает,
схема 1-17.2 ядро+инвестиции,2121,шаблон сектора (off 121),13,1121,11,доля продукции потребителю из сыр в сыр,входы | параметры сектора 2 (машиностроение) — цена/объём оборудования,совпадает,
схема 5 фонды,2121,шаблон сектора (off 121),13,1121,11,доля продукции потребителю из сыр в сыр,поставки отечественного оборудования,частично,
схема 12-17.13 биржа,2199,шаблон сектора (off 199),11,1199,15,вкл инвал накоплений для импорта Фа,инвалютные накопления секторов,совпадает,
схема 1-17.2 ядро+инвестиции,3039,шаблон сектора (off 039),13,1039,4,цена с НДС,входы | параметры сектора 3 (строительство) — цена/объём строительства,совпадает,
схема 15-17.17 соцгруппа,3039,шаблон сектора (off 039),13,1039,4,цена с НДС,цена жилья (от сектора-производителя),совпадает,
схема 1-17.2 ядро+инвестиции,3121,шаблон сектора (off 121),13,1121,11,доля продукции потребителю из сыр в сыр,входы | параметры сектора 3 (строительство) — цена/объём строительства,совпадает,
схема 5 фонды,3121,шаблон сектора (off 121),13,1121,11,доля продукции потребителю из сыр в сыр,строительство промышленных зданий,частично,
схема 14 розн.рынок,4030,шаблон сектора (off 030),13,1030,14,безработица,"цена продукции производителя в секторе сельского хозяйства (в тексте 4030, на схеме 4039)",не совпадает,цена произв. с-х = #4039
схема 14 розн.рынок,4039,шаблон сектора (off 039),13,1039,4,цена с НДС,"цена продукции производителя в секторе сельского хозяйства (в тексте 4030, на схеме 4039)",совпадает,
схема 14 розн.рынок,4119,шаблон сектора (off 119),13,1119,4,сумма спросов,выход «спрос на отечественную с-х продукцию»,частично,
схема 14 розн.рынок,4158,шаблон сектора (off 158),10,1158,1,возврат долгов через заем в банке оборотнго кредита потребителями исходн сырья,розничная цена с-х продукции (торговая надбавка + НДС),не совпадает,"розн. контур в файле = офсеты 177-196 (#4179/4180 наценка, #4183 НДС, #4186/4187 веса цен, #4190 средняя цена ПП)"
схема 14 розн.рынок,4160,шаблон сектора (off 160),13,1160,2,индекс экспортной цены в дол,сравнение цены импортного и отечественного товара,не совпадает,"розн. контур в файле = офсеты 177-196 (#4179/4180 наценка, #4183 НДС, #4186/4187 веса цен, #4190 средняя цена ПП)"
схема 14 розн.рынок,4161,шаблон сектора (off 161),13,1161,7,заявка на экспорт в секторе сырья,розничная цена с-х продукции (Ц_розн.с-х),не совпадает,"розн. контур в файле = офсеты 177-196 (#4179/4180 наценка, #4183 НДС, #4186/4187 веса цен, #4190 средняя цена ПП)"
схема 14 розн.рынок,4162,шаблон сектора (off 162),13,1162,15,ограничение экспортаот низкой цены экспорта,выручка за с-х продукцию,не совпадает,"розн. контур в файле = офсеты 177-196 (#4179/4180 наценка, #4183 НДС, #4186/4187 веса цен, #4190 средняя цена ПП)"
схема 12-17.13 биржа,4166,шаблон сектора (off 166),13,1166,1,таможенный тариф на сырье,"спрос на импортные товары (с-х, ТНП, пищевые) в рублях",совпадает,
схема 14 розн.рынок,4175,шаблон сектора (off 175),13,1175,9,дол из чистой прибыли на закупку Фа,цена импортного товара (цена зарубежного производителя × курс + тамож. тариф + НДС),не совпадает,"розн. контур в файле = офсеты 177-196 (#4179/4180 наценка, #4183 НДС, #4186/4187 веса цен, #4190 средняя цена ПП)"
схема 14 розн.рынок,4187,шаблон сектора (off 187),4,4187,12,доля цены на с-х прод на розн рынке,соотношение цен отечественной и импортной продукции,совпадает,
схема 14 розн.рынок,4188,шаблон сектора (off 188),4,4188,1,НДС2 с-х прод для розн торг,спрос (удовлетворённый) на пищевую продукцию,частично,
схема 14 розн.рынок,4191,шаблон сектора (off 191),4,4191,9,спрос на с-х продукц из сф потребл,спрос (удовлетворённый) на сельскохозяйственную продукцию,совпадает,
схема 14 розн.рынок,4192,шаблон сектора (off 192),4,4192,9,спрос на импортн с-х продукц,спрос на импортную с-х продукцию,совпадает,
схема 14 розн.рынок,4193,шаблон сектора (off 193),4,4193,4,спрос на отеч с-х прод на розн рынке,спрос на отечественную с-х продукцию,совпадает,
схема 14 розн.рынок,4195,шаблон сектора (off 195),3,4195,10,стоим (МЗ) отеч с-х прод на розн рынке,произведения спросов и цен (отеч. / импорт.),совпадает,
схема 14 розн.рынок,4196,шаблон сектора (off 196),4,4196,4,общая стоим с-х прод на розн рынке,материальные затраты в розничной торговле (сумма 4195 и 4197),совпадает,
схема 14 розн.рынок,4197,шаблон сектора (off 197),11,1197,9,расх на импортн Фа  в рублевом выражении,произведения спросов и цен (отеч. / импорт.),не совпадает,#4197 = расходы на импортн Фа; произведения спрос x цена = #4195 (отеч.) и #k177/#k178
схема 12-17.13 биржа,5166,шаблон сектора (off 166),13,1166,1,таможенный тариф на сырье,"спрос на импортные товары (с-х, ТНП, пищевые) в рублях",совпадает,
схема 8 кредит,7299,шаблон сектора (off 299),9,1299,2,максим уровень долга поставщику сырья при котором берут кредит,1-й уровень «терпения» поставщиков,совпадает,
схема 8 кредит,8299,шаблон сектора (off 299),9,1299,2,максим уровень долга поставщику сырья при котором берут кредит,1-й уровень «терпения» поставщиков,совпадает,
схема 8 кредит,9299,шаблон сектора (off 299),9,1299,2,максим уровень долга поставщику сырья при котором берут кредит,1-й уровень «терпения» поставщиков,совпадает,
схема 6 предм.труда,9400,шаблон сектора (off 400),7,1400,2,предельная величина неоплаты поставок сырья при которой еще сохраняется поставка,аналог 1400 для газа,совпадает,
схема 8 кредит,10299,шаблон сектора (off 299),9,1299,2,максим уровень долга поставщику сырья при котором берут кредит,1-й уровень «терпения» поставщиков,совпадает,
схема 14 розн.рынок,11039,шаблон сектора (off 039),13,1039,4,цена с НДС,цена пищевой продукции производителя,совпадает,
схема 15-17.17 соцгруппа,11160,шаблон сектора (off 160),13,1160,2,индекс экспортной цены в дол,цена на ТНП,не совпадает,ТНП — сектор 5; #11160 относится к пищепрому
схема 12-17.13 биржа,11166,шаблон сектора (off 166),13,1166,1,таможенный тариф на сырье,"спрос на импортные товары (с-х, ТНП, пищевые) в рублях",совпадает,
схема 8 кредит,12299,шаблон сектора (off 299),9,1299,2,максим уровень долга поставщику сырья при котором берут кредит,1-й уровень «терпения» поставщиков,совпадает,
схема 21-17.22 безраб.+потенциал,13009,шаблон сектора (off 009),13,1009,10,требуется труда с учетом сменности и потребн в продукции,требуется труда в секторе,совпадает,
схема 21-17.22 безраб.+потенциал,13012,шаблон сектора (off 012),13,1012,2,подано труда,потенциальные трудовые ресурсы сектора (из модели демографии),совпадает,
схема 12-17.13 биржа,13015,шаблон сектора (off 015),13,1015,11,количество прибыли для импортного оборудования,"часть инвестиционного потока, выделенная на импорт оборудования",совпадает,
схема 9-17.10 бюджет,13039,шаблон сектора (off 039),13,1039,4,цена с НДС,прочие сектора,совпадает,
схема 12-17.13 биржа,13199,шаблон сектора (off 199),11,1199,15,вкл инвал накоплений для импорта Фа,инвалютные накопления секторов,совпадает,
схема 1-17.2 ядро+инвестиции,13216,шаблон сектора (off 216),13,1216,1,реалбные текущие мат затраты на оплату конкретн исх прод,входы | продажа секторам (от сектора 1 до сектора 13),совпадает,
схема 8 кредит,13299,шаблон сектора (off 299),9,1299,2,максим уровень долга поставщику сырья при котором берут кредит,1-й уровень «терпения» поставщиков,совпадает,
схема 9-17.10 бюджет,15111,вне шаблонов,1,15111,2,количество человек в соц группе бюджетн,бюджетники,совпадает,
схема 9-17.10 бюджет,15211,вне шаблонов,1,15211,2,количество человек в соц группе военных,военные,совпадает,
схема 9-17.10 бюджет,15311,вне шаблонов,1,15311,2,количество человек в соц группе,пенсионеры,совпадает,
схема 9-17.10 бюджет,15411,вне шаблонов,1,15411,2,количество человек в соц группе,безработные,совпадает,
схема 9-17.10 бюджет,16111,вне шаблонов,1,16111,2,количество человек в соц группе бюджетн,культура,совпадает,
схема 9-17.10 бюджет,16211,вне шаблонов,1,16211,2,количество человек в соц группе бюджетн,медицина,совпадает,
схема 21-17.22 безраб.+потенциал,16311,вне шаблонов,1,16311,2,количество человек в соц группе бюджетн,"блок научного потенциала (бюджет, профицит, количество человек)",совпадает,
схема 9-17.10 бюджет,16311,вне шаблонов,1,16311,2,количество человек в соц группе бюджетн,образование,не совпадает,163xx = наука (16302 <- 871)
схема 21-17.22 безраб.+потенциал,16411,вне шаблонов,1,16411,2,количество человек в соц группе бюджетн,блок образовательного потенциала,совпадает,
схема 9-17.10 бюджет,16411,вне шаблонов,1,16411,2,количество человек в соц группе бюджетн,наука,не совпадает,164xx = образование (16402 <- 881)
